Type,Name,Request Count,Failure Count,Median Response Time,Average Response Time,Min Response Time,Max Response Time,Average Content Size,Requests/s,Failures/s,50%,66%,75%,80%,90%,95%,98%,99%,99.9%,99.99%,100%
GET,/,70,0,12,26.25004649996429,5.627217999972345,174.6580279996124,9903.0,1.1950333896205445,0.0,12,13,17,29,81,120,170,170,170,170,170
POST,/api/BasketItems,41,1,37,60.542514731711954,16.076453999630758,283.0252820003807,158.29268292682926,0.6999481282063189,0.017071905566007777,37,50,57,74,150,190,280,280,280,280,280
GET,/api/Products/1,56,0,70,92.99341503564003,49.822422999568516,458.0510380001215,257.0,0.9560267116964356,0.0,71,84,110,110,160,190,200,460,460,460,460
POST,/api/Users,10,0,210,210.98864850009704,149.96355200037215,241.8672499998138,325.0,0.17071905566007778,0.0,230,230,240,240,240,240,240,240,240,240,240
GET,/rest/products/search?q=apple,81,0,28,50.409856234552905,15.678458999900613,190.96973199975764,921.0,1.38282435084663,0.0,28,39,59,80,130,160,170,190,190,190,190
POST,/rest/user/login,49,0,56,64.19078569383508,21.965364999232406,172.66418599956523,849.0,0.8365233727343812,0.0,56,70,79,100,130,150,170,170,170,170,170
,Aggregated,307,1,38,61.45215289899416,5.627217999972345,458.0510380001215,2715.1270358306188,5.241075008764388,0.017071905566007777,38,65,77,93,150,180,230,240,460,460,460
