Type,Name,Request Count,Failure Count,Median Response Time,Average Response Time,Min Response Time,Max Response Time,Average Content Size,Requests/s,Failures/s,50%,66%,75%,80%,90%,95%,98%,99%,99.9%,99.99%,100%
GET,/,440,0,10,17.500133954544335,5.126344000018435,199.2982279998614,9903.0,7.52259223885889,0.0,10,14,19,21,35,61,97,120,200,200,200
GET,/api/Products/1,443,0,130,170.72273075621388,44.6294659996056,770.7112790003521,257.0,7.573882640487473,0.0,130,180,220,240,340,390,560,700,770,770,770
GET,/rest/products/search?q=apple,410,0,77,97.75921555852486,14.414424000278814,520.6111079996845,921.0,7.009688222573057,0.0,78,110,140,160,200,250,350,360,520,520,520
,Aggregated,1293,0,62,95.44586778344741,5.126344000018435,770.7112790003521,3750.0239752513535,22.10616310191942,0.0,62,110,140,160,230,320,390,490,760,770,770
