Type,Name,Request Count,Failure Count,Median Response Time,Average Response Time,Min Response Time,Max Response Time,Average Content Size,Requests/s,Failures/s,50%,66%,75%,80%,90%,95%,98%,99%,99.9%,99.99%,100%
GET,/,84,0,10,11.767450595243645,5.3712959997938015,42.77490700042108,9903.0,1.4492054828923544,0.0,11,13,14,15,18,20,38,43,43,43,43
GET,/api/Products/1,94,0,69,74.94577979786241,46.065319000263116,198.4502949999296,257.0,1.6217299451414442,0.0,69,72,79,86,100,120,150,200,200,200,200
GET,/rest/products/search?q=apple,100,0,26,32.531700169984106,15.604108000843553,140.63317199997982,921.0,1.7252446224908982,0.0,26,30,33,36,65,87,110,140,140,140,140
,Aggregated,278,0,28,40.599061755388284,5.3712959997938015,198.4502949999296,3410.4676258992804,4.796180050524697,0.0,28,56,64,69,79,100,120,140,200,200,200
