Type,Name,Request Count,Failure Count,Median Response Time,Average Response Time,Min Response Time,Max Response Time,Average Content Size,Requests/s,Failures/s,50%,66%,75%,80%,90%,95%,98%,99%,99.9%,99.99%,100%
GET,/,52,0,10,11.551486788470392,6.033299000137049,33.689063000110764,9903.0,0.8894795919913748,0.0,10,12,13,13,17,22,29,34,34,34,34
POST,/api/BasketItems,62,62,7,8.068887758051988,3.8287039999431727,27.32913499994538,972.0,1.060533359682024,1.060533359682024,7,8,9,9,11,20,25,27,27,27,27
GET,/api/Products/1,61,0,67,76.52417001636944,52.98146699988138,231.38642300000356,257.0,1.043427982912959,0.0,67,74,82,88,100,120,170,230,230,230,230
POST,/api/Users,10,10,120,110.68268719998287,68.35469199995714,150.90442599989728,92.0,0.171053767690649,0.171053767690649,120,120,130,150,150,150,150,150,150,150,150
GET,/rest/products/search?q=apple,60,0,31,33.925908750002996,16.883762999896135,70.17117600003075,921.0,1.0263226061438941,0.0,31,34,40,45,61,67,69,70,70,70,70
POST,/rest/user/login,65,0,37,45.42547355383529,23.40026999991096,116.03743399996347,825.0,1.1118494899892186,0.0,37,46,52,61,79,95,110,120,120,120,120
,Aggregated,310,72,29,38.2708383967662,3.8287039999431727,231.38642300000356,2260.3290322580647,5.30266679841012,1.2315871273726728,29,45,58,65,80,100,120,150,230,230,230
