Type,Name,Request Count,Failure Count,Median Response Time,Average Response Time,Min Response Time,Max Response Time,Average Content Size,Requests/s,Failures/s,50%,66%,75%,80%,90%,95%,98%,99%,99.9%,99.99%,100%
GET,/,195,0,17,33.390082200033554,5.939723999290436,157.12856499976624,9903.0,3.3309671712327438,0.0,17,33,53,62,84,110,140,150,160,160,160
POST,/api/BasketItems,200,21,1200,1322.5592346900155,186.21949699991092,3896.814980000272,148.5,3.4163765858797372,0.3587195415173724,1200,1500,1700,1900,2400,2700,3600,3600,3900,3900,3900
GET,/api/Products/1,197,0,660,747.0701380964546,97.10512100082269,2652.9945860002044,257.0,3.365130937091541,0.0,660,850,980,1200,1400,1500,1800,2300,2700,2700,2700
POST,/api/Users,50,0,980,1474.1312605200435,334.4994740000402,4220.632345000013,325.0,0.8540941464699343,0.0,1000,1700,2500,2700,2900,3700,4200,4200,4200,4200,4200
GET,/rest/products/search?q=apple,197,0,520,556.0933322486392,25.238106999495358,1487.1248179997565,921.0,3.365130937091541,0.0,520,640,730,780,950,1100,1400,1400,1500,1500,1500
POST,/rest/user/login,251,0,560,623.4556244900588,62.27230799959216,1577.9083689994877,848.0,4.28755261527907,0.0,560,710,830,930,1200,1400,1500,1500,1600,1600,1600
,Aggregated,1090,21,540,695.3578361449543,5.939723999290436,4220.632345000013,2221.9715596330275,18.61925239304457,0.3587195415173724,540,770,950,1100,1500,2000,2700,2900,3900,4200,4200
