Type,Name,Request Count,Failure Count,Median Response Time,Average Response Time,Min Response Time,Max Response Time,Average Content Size,Requests/s,Failures/s,50%,66%,75%,80%,90%,95%,98%,99%,99.9%,99.99%,100%
GET,/,220,0,17,55.09721380906078,5.7754620002015145,386.2428849997741,9903.0,3.77155260564034,0.0,17,54,89,110,160,210,260,270,390,390,390
POST,/api/BasketItems,68,7,11000,10620.67379772064,1609.1617030006091,16089.45713400044,150.44117647058823,1.1657526235615596,0.12000394654310173,11000,12000,13000,13000,14000,14000,16000,16000,16000,16000,16000
GET,/api/Products/1,146,0,5800,6583.059115171204,652.5267920005717,11650.81541499967,257.0,2.5029394564704073,0.0,5800,8800,8900,9300,10000,10000,11000,12000,12000,12000,12000
POST,/api/Users,100,0,5900,5298.546635020021,541.0215820002122,13325.327016000301,325.0,1.7143420934728817,0.0,5900,7200,7400,7500,7600,10000,11000,13000,13000,13000,13000
GET,/rest/products/search?q=apple,168,0,4400,4490.597632464306,589.6881790004045,6266.161565000402,921.0,2.8800947170344413,0.0,4500,4900,5300,5500,5800,6100,6100,6200,6300,6300,6300
POST,/rest/user/login,194,0,3900,3838.826085458743,234.85153100045864,6222.36563199931,849.0,3.325823661337391,0.0,3900,4300,5100,5400,5700,5800,6100,6100,6200,6200,6200
,Aggregated,896,7,4000,4156.764690215396,5.7754620002015145,16089.45713400044,2877.6183035714284,15.360505157517022,0.12000394654310173,4000,5100,5800,6100,9200,11000,13000,14000,16000,16000,16000
