Type,Name,Request Count,Failure Count,Median Response Time,Average Response Time,Min Response Time,Max Response Time,Average Content Size,Requests/s,Failures/s,50%,66%,75%,80%,90%,95%,98%,99%,99.9%,99.99%,100%
GET,/,588,0,12,27.44127388265432,5.109467000693257,272.32125400041696,9903.0,10.039571355843403,0.0,12,18,29,36,73,110,150,230,270,270,270
GET,/api/Products/1,518,0,2000,2260.7315485076965,57.15833100020973,4760.281247999956,257.0,8.84438428967157,0.0,2000,2200,2500,3500,3800,4100,4400,4500,4800,4800,4800
GET,/rest/products/search?q=apple,550,0,1800,1680.7868394763693,15.137620000132301,2552.9326840005524,921.0,9.39075551992155,0.0,1800,1900,2000,2000,2100,2200,2400,2500,2600,2600,2600
,Aggregated,1656,0,1700,1275.1371816920214,5.109467000693257,4760.281247999956,3902.56038647343,28.27471116543652,0.0,1700,1900,2000,2000,2400,3600,3900,4200,4700,4800,4800
