Type,Name,Request Count,Failure Count,Median Response Time,Average Response Time,Min Response Time,Max Response Time,Average Content Size,Requests/s,Failures/s,50%,66%,75%,80%,90%,95%,98%,99%,99.9%,99.99%,100%
GET,/,227,0,45,64.33079158147652,5.562387000281888,298.4512220000397,9903.0,3.875375516076267,0.0,45,83,110,120,150,160,230,270,300,300,300
POST,/api/BasketItems,112,9,3000,2934.7845001875207,505.98908999927517,5736.413897000602,152.77678571428572,1.912079549782123,0.15364924953606346,3000,3600,3900,4000,4400,5000,5300,5600,5700,5700,5700
GET,/api/Products/1,136,0,1600,1866.7831638750508,308.2506419996207,4025.9189080006763,257.0,2.3218108818782923,0.0,1600,2200,2500,2600,3000,3700,3900,4000,4000,4000,4000
POST,/api/Users,50,0,1600,1797.4382546199738,327.24995400076295,5406.049405999511,325.0,0.8536069418670191,0.0,1600,2000,2300,3200,3400,4500,5400,5400,5400,5400,5400
GET,/rest/products/search?q=apple,207,0,1200,1227.7704836666737,121.06504900020809,2551.1977489995843,921.0,3.5339327393294595,0.0,1200,1400,1500,1600,1800,2000,2400,2400,2600,2600,2600
POST,/rest/user/login,162,0,1300,1229.1116742036631,104.87089599973842,2575.199257999884,849.0,2.765686491649142,0.0,1300,1400,1600,1700,1900,2200,2400,2500,2600,2600,2600
,Aggregated,894,9,1200,1275.5234430290811,5.562387000281888,5736.413897000602,2958.030201342282,15.262492120582303,0.15364924953606346,1200,1500,1800,2000,2800,3700,4400,4700,5700,5700,5700
