Type,Name,Request Count,Failure Count,Median Response Time,Average Response Time,Min Response Time,Max Response Time,Average Content Size,Requests/s,Failures/s,50%,66%,75%,80%,90%,95%,98%,99%,99.9%,99.99%,100%
GET,/,157,0,25,51.242913541430944,5.462139000883326,228.85417400084407,9903.0,2.682298032189594,0.0,25,62,79,98,130,160,200,220,230,230,230
POST,/api/BasketItems,139,11,7700,8238.296958136665,2330.710777000604,11855.299005000234,152.87769784172662,2.374773417034099,0.18793170926169128,7700,9400,11000,11000,11000,11000,12000,12000,12000,12000,12000
GET,/api/Products/1,133,0,4100,4902.985981827105,1050.362025999675,8147.749282999939,257.0,2.2722652119822673,0.0,4100,6600,7000,7200,7600,7800,7900,8100,8100,8100,8100
POST,/api/Users,100,0,4900,4964.55077223004,888.3004819999769,9926.522667000427,325.0,1.7084700841971934,0.0,5300,6500,6700,6700,8800,9800,9800,9900,9900,9900,9900
GET,/rest/products/search?q=apple,169,0,3600,3534.8479110177595,742.6428660000965,4500.188768000044,921.0,2.887314442293257,0.0,3600,3700,3800,4000,4200,4200,4500,4500,4500,4500,4500
POST,/rest/user/login,264,0,3400,3195.3639737537737,403.09536599943385,4496.575868000036,849.0,4.51036102228059,0.0,3400,3600,3800,3800,4000,4200,4300,4400,4500,4500,4500
,Aggregated,962,11,3600,3890.526001503121,5.462139000883326,11855.299005000234,2102.377338877339,16.435482209977,0.18793170926169128,3600,4000,4500,6600,7700,9800,11000,11000,12000,12000,12000
